{
    "version": "1.4.0",
    "project": {
        "name": "dsa-gen-build",
        "directory": "/mnt/d/金伯银-研究生/OneDrive/博士工作/dsa-gen_4.14/dsa-gen/project",
        "workspaceDir": "/mnt/d/金伯银-研究生/OneDrive/博士工作/dsa-gen_4.14/dsa-gen/project",
        "sources": [
            "/mnt/d/金伯银-研究生/OneDrive/博士工作/dsa-gen_4.14/dsa-gen/project/src/main/scala",
            "/mnt/d/金伯银-研究生/OneDrive/博士工作/dsa-gen_4.14/dsa-gen/project/src/main/scala-2.12",
            "/mnt/d/金伯银-研究生/OneDrive/博士工作/dsa-gen_4.14/dsa-gen/project/src/main/scala-2",
            "/mnt/d/金伯银-研究生/OneDrive/博士工作/dsa-gen_4.14/dsa-gen/project/src/main/java",
            "/mnt/d/金伯银-研究生/OneDrive/博士工作/dsa-gen_4.14/dsa-gen/project/src/main/scala-sbt-1.0",
            "/mnt/d/金伯银-研究生/OneDrive/博士工作/dsa-gen_4.14/dsa-gen/project/target/scala-2.12/sbt-1.0/src_managed/main"
        ],
        "dependencies": [
            
        ],
        "classpath": [
            "/home/king/.cache/coursier/v1/https/repo1.maven.org/maven2/org/scala-sbt/sbt/1.5.5/sbt-1.5.5.jar",
            "/home/king/.sbt/boot/scala-2.12.14/lib/scala-library.jar",
            "/home/king/.cache/coursier/v1/https/repo1.maven.org/maven2/ch/epfl/scala/sbt-bloop_2.12_1.0/1.5.13/sbt-bloop-1.5.13.jar",
            "/home/king/.cache/coursier/v1/https/repo1.maven.org/maven2/org/scala-sbt/main_2.12/1.5.5/main_2.12-1.5.5.jar",
            "/home/king/.cache/coursier/v1/https/repo1.maven.org/maven2/org/scala-sbt/io_2.12/1.5.1/io_2.12-1.5.1.jar",
            "/home/king/.cache/coursier/v1/https/repo1.maven.org/maven2/ch/epfl/scala/bloop-config_2.12/1.5.5/bloop-config_2.12-1.5.5.jar",
            "/home/king/.cache/coursier/v1/https/repo1.maven.org/maven2/org/scala-sbt/logic_2.12/1.5.5/logic_2.12-1.5.5.jar",
            "/home/king/.cache/coursier/v1/https/repo1.maven.org/maven2/org/scala-sbt/actions_2.12/1.5.5/actions_2.12-1.5.5.jar",
            "/home/king/.cache/coursier/v1/https/repo1.maven.org/maven2/org/scala-sbt/main-settings_2.12/1.5.5/main-settings_2.12-1.5.5.jar",
            "/home/king/.cache/coursier/v1/https/repo1.maven.org/maven2/org/scala-sbt/run_2.12/1.5.5/run_2.12-1.5.5.jar",
            "/home/king/.cache/coursier/v1/https/repo1.maven.org/maven2/org/scala-sbt/command_2.12/1.5.5/command_2.12-1.5.5.jar",
            "/home/king/.cache/coursier/v1/https/repo1.maven.org/maven2/org/scala-sbt/collections_2.12/1.5.5/collections_2.12-1.5.5.jar",
            "/home/king/.cache/coursier/v1/https/repo1.maven.org/maven2/org/scala-sbt/scripted-plugin_2.12/1.5.5/scripted-plugin_2.12-1.5.5.jar",
            "/home/king/.cache/coursier/v1/https/repo1.maven.org/maven2/org/scala-sbt/zinc-lm-integration_2.12/1.5.5/zinc-lm-integration_2.12-1.5.5.jar",
            "/home/king/.cache/coursier/v1/https/repo1.maven.org/maven2/org/scala-sbt/util-logging_2.12/1.5.5/util-logging_2.12-1.5.5.jar",
            "/home/king/.cache/coursier/v1/https/repo1.maven.org/maven2/org/scala-lang/modules/scala-xml_2.12/1.3.0/scala-xml_2.12-1.3.0.jar",
            "/home/king/.cache/coursier/v1/https/repo1.maven.org/maven2/org/scala-sbt/launcher-interface/1.3.3/launcher-interface-1.3.3.jar",
            "/home/king/.cache/coursier/v1/https/repo1.maven.org/maven2/com/github/ben-manes/caffeine/caffeine/2.8.5/caffeine-2.8.5.jar",
            "/home/king/.cache/coursier/v1/https/repo1.maven.org/maven2/io/get-coursier/lm-coursier-shaded_2.12/2.0.8/lm-coursier-shaded_2.12-2.0.8.jar",
            "/home/king/.cache/coursier/v1/https/repo1.maven.org/maven2/org/apache/logging/log4j/log4j-api/2.11.2/log4j-api-2.11.2.jar",
            "/home/king/.cache/coursier/v1/https/repo1.maven.org/maven2/org/apache/logging/log4j/log4j-core/2.11.2/log4j-core-2.11.2.jar",
            "/home/king/.cache/coursier/v1/https/repo1.maven.org/maven2/org/apache/logging/log4j/log4j-slf4j-impl/2.11.2/log4j-slf4j-impl-2.11.2.jar",
            "/home/king/.cache/coursier/v1/https/repo1.maven.org/maven2/org/scala-sbt/librarymanagement-core_2.12/1.5.3/librarymanagement-core_2.12-1.5.3.jar",
            "/home/king/.cache/coursier/v1/https/repo1.maven.org/maven2/org/scala-sbt/librarymanagement-ivy_2.12/1.5.3/librarymanagement-ivy_2.12-1.5.3.jar",
            "/home/king/.cache/coursier/v1/https/repo1.maven.org/maven2/org/scala-sbt/compiler-interface/1.5.7/compiler-interface-1.5.7.jar",
            "/home/king/.cache/coursier/v1/https/repo1.maven.org/maven2/org/scala-sbt/zinc-compile_2.12/1.5.7/zinc-compile_2.12-1.5.7.jar",
            "/home/king/.cache/coursier/v1/https/repo1.maven.org/maven2/com/swoval/file-tree-views/2.1.6/file-tree-views-2.1.6.jar",
            "/home/king/.cache/coursier/v1/https/repo1.maven.org/maven2/net/java/dev/jna/jna/5.5.0/jna-5.5.0.jar",
            "/home/king/.cache/coursier/v1/https/repo1.maven.org/maven2/net/java/dev/jna/jna-platform/5.5.0/jna-platform-5.5.0.jar",
            "/home/king/.cache/coursier/v1/https/repo1.maven.org/maven2/com/github/plokhotnyuk/jsoniter-scala/jsoniter-scala-core_2.12/2.4.0/jsoniter-scala-core_2.12-2.4.0.jar",
            "/home/king/.cache/coursier/v1/https/repo1.maven.org/maven2/org/scala-sbt/util-relation_2.12/1.5.5/util-relation_2.12-1.5.5.jar",
            "/home/king/.cache/coursier/v1/https/repo1.maven.org/maven2/org/scala-sbt/completion_2.12/1.5.5/completion_2.12-1.5.5.jar",
            "/home/king/.cache/coursier/v1/https/repo1.maven.org/maven2/org/scala-sbt/task-system_2.12/1.5.5/task-system_2.12-1.5.5.jar",
            "/home/king/.cache/coursier/v1/https/repo1.maven.org/maven2/org/scala-sbt/tasks_2.12/1.5.5/tasks_2.12-1.5.5.jar",
            "/home/king/.cache/coursier/v1/https/repo1.maven.org/maven2/org/scala-sbt/testing_2.12/1.5.5/testing_2.12-1.5.5.jar",
            "/home/king/.cache/coursier/v1/https/repo1.maven.org/maven2/org/scala-sbt/util-tracking_2.12/1.5.5/util-tracking_2.12-1.5.5.jar",
            "/home/king/.cache/coursier/v1/https/repo1.maven.org/maven2/com/eed3si9n/sjson-new-scalajson_2.12/0.9.1/sjson-new-scalajson_2.12-0.9.1.jar",
            "/home/king/.cache/coursier/v1/https/repo1.maven.org/maven2/org/jline/jline-terminal/3.19.0/jline-terminal-3.19.0.jar",
            "/home/king/.cache/coursier/v1/https/repo1.maven.org/maven2/org/scala-sbt/zinc-classpath_2.12/1.5.7/zinc-classpath_2.12-1.5.7.jar",
            "/home/king/.cache/coursier/v1/https/repo1.maven.org/maven2/org/scala-sbt/zinc-apiinfo_2.12/1.5.7/zinc-apiinfo_2.12-1.5.7.jar",
            "/home/king/.cache/coursier/v1/https/repo1.maven.org/maven2/org/scala-sbt/zinc_2.12/1.5.7/zinc_2.12-1.5.7.jar",
            "/home/king/.cache/coursier/v1/https/repo1.maven.org/maven2/org/scala-sbt/core-macros_2.12/1.5.5/core-macros_2.12-1.5.5.jar",
            "/home/king/.cache/coursier/v1/https/repo1.maven.org/maven2/org/scala-sbt/util-cache_2.12/1.5.5/util-cache_2.12-1.5.5.jar",
            "/home/king/.cache/coursier/v1/https/repo1.maven.org/maven2/org/scala-sbt/util-control_2.12/1.5.5/util-control_2.12-1.5.5.jar",
            "/home/king/.cache/coursier/v1/https/repo1.maven.org/maven2/org/scala-sbt/protocol_2.12/1.5.5/protocol_2.12-1.5.5.jar",
            "/home/king/.cache/coursier/v1/https/repo1.maven.org/maven2/com/eed3si9n/sjson-new-core_2.12/0.9.1/sjson-new-core_2.12-0.9.1.jar",
            "/home/king/.cache/coursier/v1/https/repo1.maven.org/maven2/org/scala-sbt/template-resolver/0.1/template-resolver-0.1.jar",
            "/home/king/.cache/coursier/v1/https/repo1.maven.org/maven2/org/scala-sbt/util-position_2.12/1.5.5/util-position_2.12-1.5.5.jar",
            "/home/king/.cache/coursier/v1/https/repo1.maven.org/maven2/org/scala-sbt/zinc-compile-core_2.12/1.5.7/zinc-compile-core_2.12-1.5.7.jar",
            "/home/king/.cache/coursier/v1/https/repo1.maven.org/maven2/org/scala-sbt/util-interface/1.5.5/util-interface-1.5.5.jar",
            "/home/king/.cache/coursier/v1/https/repo1.maven.org/maven2/org/scala-sbt/jline/jline/2.14.7-sbt-a1b0ffbb8f64bb820f4f84a0c07a0c0964507493/jline-2.14.7-sbt-a1b0ffbb8f64bb820f4f84a0c07a0c0964507493.jar",
            "/home/king/.cache/coursier/v1/https/repo1.maven.org/maven2/org/jline/jline-terminal-jna/3.19.0/jline-terminal-jna-3.19.0.jar",
            "/home/king/.cache/coursier/v1/https/repo1.maven.org/maven2/org/jline/jline-terminal-jansi/3.19.0/jline-terminal-jansi-3.19.0.jar",
            "/home/king/.cache/coursier/v1/https/repo1.maven.org/maven2/com/lmax/disruptor/3.4.2/disruptor-3.4.2.jar",
            "/home/king/.sbt/boot/scala-2.12.14/lib/scala-reflect.jar",
            "/home/king/.cache/coursier/v1/https/repo1.maven.org/maven2/org/checkerframework/checker-qual/3.4.1/checker-qual-3.4.1.jar",
            "/home/king/.cache/coursier/v1/https/repo1.maven.org/maven2/com/google/errorprone/error_prone_annotations/2.4.0/error_prone_annotations-2.4.0.jar",
            "/home/king/.cache/coursier/v1/https/repo1.maven.org/maven2/org/scala-lang/modules/scala-collection-compat_2.12/2.4.2/scala-collection-compat_2.12-2.4.2.jar",
            "/home/king/.cache/coursier/v1/https/repo1.maven.org/maven2/org/slf4j/slf4j-api/1.7.26/slf4j-api-1.7.26.jar",
            "/home/king/.sbt/boot/scala-2.12.14/lib/scala-compiler.jar",
            "/home/king/.cache/coursier/v1/https/repo1.maven.org/maven2/com/jcraft/jsch/0.1.54/jsch-0.1.54.jar",
            "/home/king/.cache/coursier/v1/https/repo1.maven.org/maven2/com/eed3si9n/gigahorse-okhttp_2.12/0.5.0/gigahorse-okhttp_2.12-0.5.0.jar",
            "/home/king/.cache/coursier/v1/https/repo1.maven.org/maven2/com/squareup/okhttp3/okhttp-urlconnection/3.7.0/okhttp-urlconnection-3.7.0.jar",
            "/home/king/.cache/coursier/v1/https/repo1.maven.org/maven2/org/scala-sbt/ivy/ivy/2.3.0-sbt-fbc4f586aeeb1591710b14eb4f41b94880dcd745/ivy-2.3.0-sbt-fbc4f586aeeb1591710b14eb4f41b94880dcd745.jar",
            "/home/king/.cache/coursier/v1/https/repo1.maven.org/maven2/org/jline/jline-reader/3.19.0/jline-reader-3.19.0.jar",
            "/home/king/.cache/coursier/v1/https/repo1.maven.org/maven2/org/jline/jline-builtins/3.19.0/jline-builtins-3.19.0.jar",
            "/home/king/.cache/coursier/v1/https/repo1.maven.org/maven2/org/scala-sbt/test-agent/1.5.5/test-agent-1.5.5.jar",
            "/home/king/.cache/coursier/v1/https/repo1.maven.org/maven2/org/scala-sbt/test-interface/1.0/test-interface-1.0.jar",
            "/home/king/.cache/coursier/v1/https/repo1.maven.org/maven2/com/eed3si9n/shaded-jawn-parser_2.12/0.9.1/shaded-jawn-parser_2.12-0.9.1.jar",
            "/home/king/.cache/coursier/v1/https/repo1.maven.org/maven2/com/eed3si9n/shaded-scalajson_2.12/1.0.0-M4/shaded-scalajson_2.12-1.0.0-M4.jar",
            "/home/king/.cache/coursier/v1/https/repo1.maven.org/maven2/org/scala-sbt/compiler-bridge_2.12/1.5.7/compiler-bridge_2.12-1.5.7.jar",
            "/home/king/.cache/coursier/v1/https/repo1.maven.org/maven2/org/scala-sbt/zinc-classfile_2.12/1.5.7/zinc-classfile_2.12-1.5.7.jar",
            "/home/king/.cache/coursier/v1/https/repo1.maven.org/maven2/org/scala-sbt/zinc-core_2.12/1.5.7/zinc-core_2.12-1.5.7.jar",
            "/home/king/.cache/coursier/v1/https/repo1.maven.org/maven2/org/scala-sbt/zinc-persist_2.12/1.5.7/zinc-persist_2.12-1.5.7.jar",
            "/home/king/.cache/coursier/v1/https/repo1.maven.org/maven2/com/eed3si9n/sjson-new-murmurhash_2.12/0.9.1/sjson-new-murmurhash_2.12-0.9.1.jar",
            "/home/king/.cache/coursier/v1/https/repo1.maven.org/maven2/org/scala-sbt/ipcsocket/ipcsocket/1.3.1/ipcsocket-1.3.1.jar",
            "/home/king/.cache/coursier/v1/https/repo1.maven.org/maven2/org/scala-lang/modules/scala-parser-combinators_2.12/1.1.2/scala-parser-combinators_2.12-1.1.2.jar",
            "/home/king/.cache/coursier/v1/https/repo1.maven.org/maven2/net/openhft/zero-allocation-hashing/0.10.1/zero-allocation-hashing-0.10.1.jar",
            "/home/king/.cache/coursier/v1/https/repo1.maven.org/maven2/org/fusesource/jansi/jansi/2.1.0/jansi-2.1.0.jar",
            "/home/king/.cache/coursier/v1/https/repo1.maven.org/maven2/com/eed3si9n/gigahorse-core_2.12/0.5.0/gigahorse-core_2.12-0.5.0.jar",
            "/home/king/.cache/coursier/v1/https/repo1.maven.org/maven2/com/squareup/okhttp3/okhttp/3.14.2/okhttp-3.14.2.jar",
            "/home/king/.cache/coursier/v1/https/repo1.maven.org/maven2/org/jline/jline-style/3.19.0/jline-style-3.19.0.jar",
            "/home/king/.cache/coursier/v1/https/repo1.maven.org/maven2/org/scala-sbt/zinc-persist-core-assembly/1.5.7/zinc-persist-core-assembly-1.5.7.jar",
            "/home/king/.cache/coursier/v1/https/repo1.maven.org/maven2/org/scala-sbt/sbinary_2.12/0.5.1/sbinary_2.12-0.5.1.jar",
            "/home/king/.cache/coursier/v1/https/repo1.maven.org/maven2/com/typesafe/ssl-config-core_2.12/0.4.0/ssl-config-core_2.12-0.4.0.jar",
            "/home/king/.cache/coursier/v1/https/repo1.maven.org/maven2/org/reactivestreams/reactive-streams/1.0.2/reactive-streams-1.0.2.jar",
            "/home/king/.cache/coursier/v1/https/repo1.maven.org/maven2/com/squareup/okio/okio/1.17.2/okio-1.17.2.jar",
            "/home/king/.cache/coursier/v1/https/repo1.maven.org/maven2/com/typesafe/config/1.3.3/config-1.3.3.jar"
        ],
        "out": "/mnt/d/金伯银-研究生/OneDrive/博士工作/dsa-gen_4.14/dsa-gen/project/.bloop/dsa-gen-build",
        "classesDir": "/mnt/d/金伯银-研究生/OneDrive/博士工作/dsa-gen_4.14/dsa-gen/project/.bloop/dsa-gen-build/scala-2.12/sbt-1.0/classes",
        "resources": [
            "/mnt/d/金伯银-研究生/OneDrive/博士工作/dsa-gen_4.14/dsa-gen/project/src/main/resources",
            "/mnt/d/金伯银-研究生/OneDrive/博士工作/dsa-gen_4.14/dsa-gen/project/target/scala-2.12/sbt-1.0/resource_managed/main"
        ],
        "scala": {
            "organization": "org.scala-lang",
            "name": "scala-compiler",
            "version": "2.12.14",
            "options": [
                "-deprecation",
                "-Wconf:cat=unused-nowarn:s",
                "-Wconf:cat=unused-nowarn:s"
            ],
            "jars": [
                "/home/king/.sbt/boot/scala-2.12.14/lib/scala-library.jar",
                "/home/king/.sbt/boot/scala-2.12.14/lib/scala-compiler.jar",
                "/home/king/.sbt/boot/scala-2.12.14/lib/scala-reflect.jar",
                "/home/king/.sbt/boot/scala-2.12.14/lib/scala-xml_2.12-1.0.6.jar"
            ],
            "setup": {
                "order": "mixed",
                "addLibraryToBootClasspath": true,
                "addCompilerToClasspath": false,
                "addExtraJarsToClasspath": false,
                "manageBootClasspath": true,
                "filterLibraryFromClasspath": true
            }
        },
        "java": {
            "options": [
                
            ]
        },
        "sbt": {
            "sbtVersion": "1.5.5",
            "autoImports": [
                "import _root_.scala.xml.{TopScope=>$scope}",
                "import _root_.sbt._",
                "import _root_.sbt.Keys._",
                "import _root_.sbt.nio.Keys._",
                "import _root_.sbt.ScriptedPlugin.autoImport._, _root_.sbt.plugins.JUnitXmlReportPlugin.autoImport._, _root_.sbt.plugins.MiniDependencyTreePlugin.autoImport._, _root_.bloop.integrations.sbt.BloopPlugin.autoImport._",
                "import _root_.sbt.plugins.IvyPlugin, _root_.sbt.plugins.JvmPlugin, _root_.sbt.plugins.CorePlugin, _root_.sbt.ScriptedPlugin, _root_.sbt.plugins.SbtPlugin, _root_.sbt.plugins.SemanticdbPlugin, _root_.sbt.plugins.JUnitXmlReportPlugin, _root_.sbt.plugins.Giter8TemplatePlugin, _root_.sbt.plugins.MiniDependencyTreePlugin, _root_.bloop.integrations.sbt.BloopPlugin"
            ]
        },
        "test": {
            "frameworks": [
                {
                    "names": [
                        "org.scalacheck.ScalaCheckFramework"
                    ]
                },
                {
                    "names": [
                        "org.specs2.runner.Specs2Framework",
                        "org.specs2.runner.SpecsFramework"
                    ]
                },
                {
                    "names": [
                        "org.specs.runner.SpecsFramework"
                    ]
                },
                {
                    "names": [
                        "org.scalatest.tools.Framework",
                        "org.scalatest.tools.ScalaTestFramework"
                    ]
                },
                {
                    "names": [
                        "com.novocode.junit.JUnitFramework"
                    ]
                },
                {
                    "names": [
                        "munit.Framework"
                    ]
                }
            ],
            "options": {
                "excludes": [
                    
                ],
                "arguments": [
                    
                ]
            }
        },
        "platform": {
            "name": "jvm",
            "config": {
                "home": "/usr/lib/jvm/java-8-openjdk-amd64/jre",
                "options": [
                    "-Duser.dir=/mnt/d/金伯银-研究生/OneDrive/博士工作/dsa-gen_4.14/dsa-gen/project"
                ]
            },
            "mainClass": [
                
            ],
            "runtimeConfig": {
                "home": "/usr/lib/jvm/java-8-openjdk-amd64/jre",
                "options": [
                    "-Duser.dir=/mnt/d/金伯银-研究生/OneDrive/博士工作/dsa-gen_4.14/dsa-gen/project"
                ]
            },
            "classpath": [
                "/mnt/d/金伯银-研究生/OneDrive/博士工作/dsa-gen_4.14/dsa-gen/project/.bloop/dsa-gen-build/scala-2.12/sbt-1.0/classes",
                "/home/king/.cache/coursier/v1/https/repo1.maven.org/maven2/ch/epfl/scala/sbt-bloop_2.12_1.0/1.5.13/sbt-bloop-1.5.13.jar",
                "/home/king/.cache/coursier/v1/https/repo1.maven.org/maven2/ch/epfl/scala/bloop-config_2.12/1.5.5/bloop-config_2.12-1.5.5.jar",
                "/home/king/.cache/coursier/v1/https/repo1.maven.org/maven2/com/github/plokhotnyuk/jsoniter-scala/jsoniter-scala-core_2.12/2.4.0/jsoniter-scala-core_2.12-2.4.0.jar",
                "/home/king/.sbt/boot/scala-2.12.14/lib/scala-library.jar"
            ]
        },
        "resolution": {
            "modules": [
                {
                    "organization": "ch.epfl.scala",
                    "name": "sbt-bloop",
                    "version": "1.5.13",
                    "configurations": "default",
                    "artifacts": [
                        {
                            "name": "sbt-bloop",
                            "path": "/home/king/.cache/coursier/v1/https/repo1.maven.org/maven2/ch/epfl/scala/sbt-bloop_2.12_1.0/1.5.13/sbt-bloop-1.5.13.jar"
                        },
                        {
                            "name": "sbt-bloop",
                            "classifier": "sources",
                            "path": "/home/king/.cache/coursier/v1/https/repo1.maven.org/maven2/ch/epfl/scala/sbt-bloop_2.12_1.0/1.5.13/sbt-bloop-1.5.13-sources.jar"
                        }
                    ]
                },
                {
                    "organization": "ch.epfl.scala",
                    "name": "bloop-config_2.12",
                    "version": "1.5.5",
                    "configurations": "default",
                    "artifacts": [
                        {
                            "name": "bloop-config_2.12",
                            "path": "/home/king/.cache/coursier/v1/https/repo1.maven.org/maven2/ch/epfl/scala/bloop-config_2.12/1.5.5/bloop-config_2.12-1.5.5.jar"
                        },
                        {
                            "name": "bloop-config_2.12",
                            "classifier": "sources",
                            "path": "/home/king/.cache/coursier/v1/https/repo1.maven.org/maven2/ch/epfl/scala/bloop-config_2.12/1.5.5/bloop-config_2.12-1.5.5-sources.jar"
                        }
                    ]
                },
                {
                    "organization": "com.github.plokhotnyuk.jsoniter-scala",
                    "name": "jsoniter-scala-core_2.12",
                    "version": "2.4.0",
                    "configurations": "default",
                    "artifacts": [
                        {
                            "name": "jsoniter-scala-core_2.12",
                            "path": "/home/king/.cache/coursier/v1/https/repo1.maven.org/maven2/com/github/plokhotnyuk/jsoniter-scala/jsoniter-scala-core_2.12/2.4.0/jsoniter-scala-core_2.12-2.4.0.jar"
                        },
                        {
                            "name": "jsoniter-scala-core_2.12",
                            "classifier": "sources",
                            "path": "/home/king/.cache/coursier/v1/https/repo1.maven.org/maven2/com/github/plokhotnyuk/jsoniter-scala/jsoniter-scala-core_2.12/2.4.0/jsoniter-scala-core_2.12-2.4.0-sources.jar"
                        }
                    ]
                },
                {
                    "organization": "org.scala-lang",
                    "name": "scala-library",
                    "version": "2.12.14",
                    "configurations": "default",
                    "artifacts": [
                        {
                            "name": "scala-library",
                            "path": "/home/king/.sbt/boot/scala-2.12.14/lib/scala-library.jar"
                        },
                        {
                            "name": "scala-library",
                            "classifier": "sources",
                            "path": "/home/king/.cache/coursier/v1/https/repo1.maven.org/maven2/org/scala-lang/scala-library/2.12.14/scala-library-2.12.14-sources.jar"
                        }
                    ]
                },
                {
                    "organization": "org.scala-sbt",
                    "name": "sbt",
                    "version": "1.5.5",
                    "configurations": "default",
                    "artifacts": [
                        {
                            "name": "sbt",
                            "path": "/home/king/.cache/coursier/v1/https/repo1.maven.org/maven2/org/scala-sbt/sbt/1.5.5/sbt-1.5.5.jar"
                        },
                        {
                            "name": "sbt",
                            "classifier": "sources",
                            "path": "/home/king/.cache/coursier/v1/https/repo1.maven.org/maven2/org/scala-sbt/sbt/1.5.5/sbt-1.5.5-sources.jar"
                        }
                    ]
                },
                {
                    "organization": "org.scala-sbt",
                    "name": "main_2.12",
                    "version": "1.5.5",
                    "configurations": "default",
                    "artifacts": [
                        {
                            "name": "main_2.12",
                            "path": "/home/king/.cache/coursier/v1/https/repo1.maven.org/maven2/org/scala-sbt/main_2.12/1.5.5/main_2.12-1.5.5.jar"
                        },
                        {
                            "name": "main_2.12",
                            "classifier": "sources",
                            "path": "/home/king/.cache/coursier/v1/https/repo1.maven.org/maven2/org/scala-sbt/main_2.12/1.5.5/main_2.12-1.5.5-sources.jar"
                        }
                    ]
                },
                {
                    "organization": "org.scala-sbt",
                    "name": "io_2.12",
                    "version": "1.5.1",
                    "configurations": "default",
                    "artifacts": [
                        {
                            "name": "io_2.12",
                            "path": "/home/king/.cache/coursier/v1/https/repo1.maven.org/maven2/org/scala-sbt/io_2.12/1.5.1/io_2.12-1.5.1.jar"
                        },
                        {
                            "name": "io_2.12",
                            "classifier": "sources",
                            "path": "/home/king/.cache/coursier/v1/https/repo1.maven.org/maven2/org/scala-sbt/io_2.12/1.5.1/io_2.12-1.5.1-sources.jar"
                        }
                    ]
                },
                {
                    "organization": "org.scala-sbt",
                    "name": "logic_2.12",
                    "version": "1.5.5",
                    "configurations": "default",
                    "artifacts": [
                        {
                            "name": "logic_2.12",
                            "path": "/home/king/.cache/coursier/v1/https/repo1.maven.org/maven2/org/scala-sbt/logic_2.12/1.5.5/logic_2.12-1.5.5.jar"
                        },
                        {
                            "name": "logic_2.12",
                            "classifier": "sources",
                            "path": "/home/king/.cache/coursier/v1/https/repo1.maven.org/maven2/org/scala-sbt/logic_2.12/1.5.5/logic_2.12-1.5.5-sources.jar"
                        }
                    ]
                },
                {
                    "organization": "org.scala-sbt",
                    "name": "actions_2.12",
                    "version": "1.5.5",
                    "configurations": "default",
                    "artifacts": [
                        {
                            "name": "actions_2.12",
                            "path": "/home/king/.cache/coursier/v1/https/repo1.maven.org/maven2/org/scala-sbt/actions_2.12/1.5.5/actions_2.12-1.5.5.jar"
                        },
                        {
                            "name": "actions_2.12",
                            "classifier": "sources",
                            "path": "/home/king/.cache/coursier/v1/https/repo1.maven.org/maven2/org/scala-sbt/actions_2.12/1.5.5/actions_2.12-1.5.5-sources.jar"
                        }
                    ]
                },
                {
                    "organization": "org.scala-sbt",
                    "name": "main-settings_2.12",
                    "version": "1.5.5",
                    "configurations": "default",
                    "artifacts": [
                        {
                            "name": "main-settings_2.12",
                            "path": "/home/king/.cache/coursier/v1/https/repo1.maven.org/maven2/org/scala-sbt/main-settings_2.12/1.5.5/main-settings_2.12-1.5.5.jar"
                        },
                        {
                            "name": "main-settings_2.12",
                            "classifier": "sources",
                            "path": "/home/king/.cache/coursier/v1/https/repo1.maven.org/maven2/org/scala-sbt/main-settings_2.12/1.5.5/main-settings_2.12-1.5.5-sources.jar"
                        }
                    ]
                },
                {
                    "organization": "org.scala-sbt",
                    "name": "run_2.12",
                    "version": "1.5.5",
                    "configurations": "default",
                    "artifacts": [
                        {
                            "name": "run_2.12",
                            "path": "/home/king/.cache/coursier/v1/https/repo1.maven.org/maven2/org/scala-sbt/run_2.12/1.5.5/run_2.12-1.5.5.jar"
                        },
                        {
                            "name": "run_2.12",
                            "classifier": "sources",
                            "path": "/home/king/.cache/coursier/v1/https/repo1.maven.org/maven2/org/scala-sbt/run_2.12/1.5.5/run_2.12-1.5.5-sources.jar"
                        }
                    ]
                },
                {
                    "organization": "org.scala-sbt",
                    "name": "command_2.12",
                    "version": "1.5.5",
                    "configurations": "default",
                    "artifacts": [
                        {
                            "name": "command_2.12",
                            "path": "/home/king/.cache/coursier/v1/https/repo1.maven.org/maven2/org/scala-sbt/command_2.12/1.5.5/command_2.12-1.5.5.jar"
                        },
                        {
                            "name": "command_2.12",
                            "classifier": "sources",
                            "path": "/home/king/.cache/coursier/v1/https/repo1.maven.org/maven2/org/scala-sbt/command_2.12/1.5.5/command_2.12-1.5.5-sources.jar"
                        }
                    ]
                },
                {
                    "organization": "org.scala-sbt",
                    "name": "collections_2.12",
                    "version": "1.5.5",
                    "configurations": "default",
                    "artifacts": [
                        {
                            "name": "collections_2.12",
                            "path": "/home/king/.cache/coursier/v1/https/repo1.maven.org/maven2/org/scala-sbt/collections_2.12/1.5.5/collections_2.12-1.5.5.jar"
                        },
                        {
                            "name": "collections_2.12",
                            "classifier": "sources",
                            "path": "/home/king/.cache/coursier/v1/https/repo1.maven.org/maven2/org/scala-sbt/collections_2.12/1.5.5/collections_2.12-1.5.5-sources.jar"
                        }
                    ]
                },
                {
                    "organization": "org.scala-sbt",
                    "name": "scripted-plugin_2.12",
                    "version": "1.5.5",
                    "configurations": "default",
                    "artifacts": [
                        {
                            "name": "scripted-plugin_2.12",
                            "path": "/home/king/.cache/coursier/v1/https/repo1.maven.org/maven2/org/scala-sbt/scripted-plugin_2.12/1.5.5/scripted-plugin_2.12-1.5.5.jar"
                        },
                        {
                            "name": "scripted-plugin_2.12",
                            "classifier": "sources",
                            "path": "/home/king/.cache/coursier/v1/https/repo1.maven.org/maven2/org/scala-sbt/scripted-plugin_2.12/1.5.5/scripted-plugin_2.12-1.5.5-sources.jar"
                        }
                    ]
                },
                {
                    "organization": "org.scala-sbt",
                    "name": "zinc-lm-integration_2.12",
                    "version": "1.5.5",
                    "configurations": "default",
                    "artifacts": [
                        {
                            "name": "zinc-lm-integration_2.12",
                            "path": "/home/king/.cache/coursier/v1/https/repo1.maven.org/maven2/org/scala-sbt/zinc-lm-integration_2.12/1.5.5/zinc-lm-integration_2.12-1.5.5.jar"
                        },
                        {
                            "name": "zinc-lm-integration_2.12",
                            "classifier": "sources",
                            "path": "/home/king/.cache/coursier/v1/https/repo1.maven.org/maven2/org/scala-sbt/zinc-lm-integration_2.12/1.5.5/zinc-lm-integration_2.12-1.5.5-sources.jar"
                        }
                    ]
                },
                {
                    "organization": "org.scala-sbt",
                    "name": "util-logging_2.12",
                    "version": "1.5.5",
                    "configurations": "default",
                    "artifacts": [
                        {
                            "name": "util-logging_2.12",
                            "path": "/home/king/.cache/coursier/v1/https/repo1.maven.org/maven2/org/scala-sbt/util-logging_2.12/1.5.5/util-logging_2.12-1.5.5.jar"
                        },
                        {
                            "name": "util-logging_2.12",
                            "classifier": "sources",
                            "path": "/home/king/.cache/coursier/v1/https/repo1.maven.org/maven2/org/scala-sbt/util-logging_2.12/1.5.5/util-logging_2.12-1.5.5-sources.jar"
                        }
                    ]
                },
                {
                    "organization": "org.scala-lang.modules",
                    "name": "scala-xml_2.12",
                    "version": "1.3.0",
                    "configurations": "default",
                    "artifacts": [
                        {
                            "name": "scala-xml_2.12",
                            "path": "/home/king/.cache/coursier/v1/https/repo1.maven.org/maven2/org/scala-lang/modules/scala-xml_2.12/1.3.0/scala-xml_2.12-1.3.0.jar"
                        },
                        {
                            "name": "scala-xml_2.12",
                            "classifier": "sources",
                            "path": "/home/king/.cache/coursier/v1/https/repo1.maven.org/maven2/org/scala-lang/modules/scala-xml_2.12/1.3.0/scala-xml_2.12-1.3.0-sources.jar"
                        }
                    ]
                },
                {
                    "organization": "org.scala-sbt",
                    "name": "launcher-interface",
                    "version": "1.3.3",
                    "configurations": "default",
                    "artifacts": [
                        {
                            "name": "launcher-interface",
                            "path": "/home/king/.cache/coursier/v1/https/repo1.maven.org/maven2/org/scala-sbt/launcher-interface/1.3.3/launcher-interface-1.3.3.jar"
                        },
                        {
                            "name": "launcher-interface",
                            "classifier": "sources",
                            "path": "/home/king/.cache/coursier/v1/https/repo1.maven.org/maven2/org/scala-sbt/launcher-interface/1.3.3/launcher-interface-1.3.3-sources.jar"
                        }
                    ]
                },
                {
                    "organization": "com.github.ben-manes.caffeine",
                    "name": "caffeine",
                    "version": "2.8.5",
                    "configurations": "default",
                    "artifacts": [
                        {
                            "name": "caffeine",
                            "path": "/home/king/.cache/coursier/v1/https/repo1.maven.org/maven2/com/github/ben-manes/caffeine/caffeine/2.8.5/caffeine-2.8.5.jar"
                        },
                        {
                            "name": "caffeine",
                            "classifier": "sources",
                            "path": "/home/king/.cache/coursier/v1/https/repo1.maven.org/maven2/com/github/ben-manes/caffeine/caffeine/2.8.5/caffeine-2.8.5-sources.jar"
                        }
                    ]
                },
                {
                    "organization": "io.get-coursier",
                    "name": "lm-coursier-shaded_2.12",
                    "version": "2.0.8",
                    "configurations": "default",
                    "artifacts": [
                        {
                            "name": "lm-coursier-shaded_2.12",
                            "path": "/home/king/.cache/coursier/v1/https/repo1.maven.org/maven2/io/get-coursier/lm-coursier-shaded_2.12/2.0.8/lm-coursier-shaded_2.12-2.0.8.jar"
                        },
                        {
                            "name": "lm-coursier-shaded_2.12",
                            "classifier": "sources",
                            "path": "/home/king/.cache/coursier/v1/https/repo1.maven.org/maven2/io/get-coursier/lm-coursier-shaded_2.12/2.0.8/lm-coursier-shaded_2.12-2.0.8-sources.jar"
                        }
                    ]
                },
                {
                    "organization": "org.apache.logging.log4j",
                    "name": "log4j-api",
                    "version": "2.11.2",
                    "configurations": "default",
                    "artifacts": [
                        {
                            "name": "log4j-api",
                            "path": "/home/king/.cache/coursier/v1/https/repo1.maven.org/maven2/org/apache/logging/log4j/log4j-api/2.11.2/log4j-api-2.11.2.jar"
                        },
                        {
                            "name": "log4j-api",
                            "classifier": "sources",
                            "path": "/home/king/.cache/coursier/v1/https/repo1.maven.org/maven2/org/apache/logging/log4j/log4j-api/2.11.2/log4j-api-2.11.2-sources.jar"
                        }
                    ]
                },
                {
                    "organization": "org.apache.logging.log4j",
                    "name": "log4j-core",
                    "version": "2.11.2",
                    "configurations": "default",
                    "artifacts": [
                        {
                            "name": "log4j-core",
                            "path": "/home/king/.cache/coursier/v1/https/repo1.maven.org/maven2/org/apache/logging/log4j/log4j-core/2.11.2/log4j-core-2.11.2.jar"
                        },
                        {
                            "name": "log4j-core",
                            "classifier": "sources",
                            "path": "/home/king/.cache/coursier/v1/https/repo1.maven.org/maven2/org/apache/logging/log4j/log4j-core/2.11.2/log4j-core-2.11.2-sources.jar"
                        }
                    ]
                },
                {
                    "organization": "org.apache.logging.log4j",
                    "name": "log4j-slf4j-impl",
                    "version": "2.11.2",
                    "configurations": "default",
                    "artifacts": [
                        {
                            "name": "log4j-slf4j-impl",
                            "path": "/home/king/.cache/coursier/v1/https/repo1.maven.org/maven2/org/apache/logging/log4j/log4j-slf4j-impl/2.11.2/log4j-slf4j-impl-2.11.2.jar"
                        },
                        {
                            "name": "log4j-slf4j-impl",
                            "classifier": "sources",
                            "path": "/home/king/.cache/coursier/v1/https/repo1.maven.org/maven2/org/apache/logging/log4j/log4j-slf4j-impl/2.11.2/log4j-slf4j-impl-2.11.2-sources.jar"
                        }
                    ]
                },
                {
                    "organization": "org.scala-sbt",
                    "name": "librarymanagement-core_2.12",
                    "version": "1.5.3",
                    "configurations": "default",
                    "artifacts": [
                        {
                            "name": "librarymanagement-core_2.12",
                            "path": "/home/king/.cache/coursier/v1/https/repo1.maven.org/maven2/org/scala-sbt/librarymanagement-core_2.12/1.5.3/librarymanagement-core_2.12-1.5.3.jar"
                        },
                        {
                            "name": "librarymanagement-core_2.12",
                            "classifier": "sources",
                            "path": "/home/king/.cache/coursier/v1/https/repo1.maven.org/maven2/org/scala-sbt/librarymanagement-core_2.12/1.5.3/librarymanagement-core_2.12-1.5.3-sources.jar"
                        }
                    ]
                },
                {
                    "organization": "org.scala-sbt",
                    "name": "librarymanagement-ivy_2.12",
                    "version": "1.5.3",
                    "configurations": "default",
                    "artifacts": [
                        {
                            "name": "librarymanagement-ivy_2.12",
                            "path": "/home/king/.cache/coursier/v1/https/repo1.maven.org/maven2/org/scala-sbt/librarymanagement-ivy_2.12/1.5.3/librarymanagement-ivy_2.12-1.5.3.jar"
                        },
                        {
                            "name": "librarymanagement-ivy_2.12",
                            "classifier": "sources",
                            "path": "/home/king/.cache/coursier/v1/https/repo1.maven.org/maven2/org/scala-sbt/librarymanagement-ivy_2.12/1.5.3/librarymanagement-ivy_2.12-1.5.3-sources.jar"
                        }
                    ]
                },
                {
                    "organization": "org.scala-sbt",
                    "name": "compiler-interface",
                    "version": "1.5.7",
                    "configurations": "default",
                    "artifacts": [
                        {
                            "name": "compiler-interface",
                            "path": "/home/king/.cache/coursier/v1/https/repo1.maven.org/maven2/org/scala-sbt/compiler-interface/1.5.7/compiler-interface-1.5.7.jar"
                        },
                        {
                            "name": "compiler-interface",
                            "classifier": "sources",
                            "path": "/home/king/.cache/coursier/v1/https/repo1.maven.org/maven2/org/scala-sbt/compiler-interface/1.5.7/compiler-interface-1.5.7-sources.jar"
                        }
                    ]
                },
                {
                    "organization": "org.scala-sbt",
                    "name": "zinc-compile_2.12",
                    "version": "1.5.7",
                    "configurations": "default",
                    "artifacts": [
                        {
                            "name": "zinc-compile_2.12",
                            "path": "/home/king/.cache/coursier/v1/https/repo1.maven.org/maven2/org/scala-sbt/zinc-compile_2.12/1.5.7/zinc-compile_2.12-1.5.7.jar"
                        },
                        {
                            "name": "zinc-compile_2.12",
                            "classifier": "sources",
                            "path": "/home/king/.cache/coursier/v1/https/repo1.maven.org/maven2/org/scala-sbt/zinc-compile_2.12/1.5.7/zinc-compile_2.12-1.5.7-sources.jar"
                        }
                    ]
                },
                {
                    "organization": "com.swoval",
                    "name": "file-tree-views",
                    "version": "2.1.6",
                    "configurations": "default",
                    "artifacts": [
                        {
                            "name": "file-tree-views",
                            "path": "/home/king/.cache/coursier/v1/https/repo1.maven.org/maven2/com/swoval/file-tree-views/2.1.6/file-tree-views-2.1.6.jar"
                        },
                        {
                            "name": "file-tree-views",
                            "classifier": "sources",
                            "path": "/home/king/.cache/coursier/v1/https/repo1.maven.org/maven2/com/swoval/file-tree-views/2.1.6/file-tree-views-2.1.6-sources.jar"
                        }
                    ]
                },
                {
                    "organization": "net.java.dev.jna",
                    "name": "jna",
                    "version": "5.5.0",
                    "configurations": "default",
                    "artifacts": [
                        {
                            "name": "jna",
                            "path": "/home/king/.cache/coursier/v1/https/repo1.maven.org/maven2/net/java/dev/jna/jna/5.5.0/jna-5.5.0.jar"
                        },
                        {
                            "name": "jna",
                            "classifier": "sources",
                            "path": "/home/king/.cache/coursier/v1/https/repo1.maven.org/maven2/net/java/dev/jna/jna/5.5.0/jna-5.5.0-sources.jar"
                        }
                    ]
                },
                {
                    "organization": "net.java.dev.jna",
                    "name": "jna-platform",
                    "version": "5.5.0",
                    "configurations": "default",
                    "artifacts": [
                        {
                            "name": "jna-platform",
                            "path": "/home/king/.cache/coursier/v1/https/repo1.maven.org/maven2/net/java/dev/jna/jna-platform/5.5.0/jna-platform-5.5.0.jar"
                        },
                        {
                            "name": "jna-platform",
                            "classifier": "sources",
                            "path": "/home/king/.cache/coursier/v1/https/repo1.maven.org/maven2/net/java/dev/jna/jna-platform/5.5.0/jna-platform-5.5.0-sources.jar"
                        }
                    ]
                },
                {
                    "organization": "org.scala-sbt",
                    "name": "util-relation_2.12",
                    "version": "1.5.5",
                    "configurations": "default",
                    "artifacts": [
                        {
                            "name": "util-relation_2.12",
                            "path": "/home/king/.cache/coursier/v1/https/repo1.maven.org/maven2/org/scala-sbt/util-relation_2.12/1.5.5/util-relation_2.12-1.5.5.jar"
                        },
                        {
                            "name": "util-relation_2.12",
                            "classifier": "sources",
                            "path": "/home/king/.cache/coursier/v1/https/repo1.maven.org/maven2/org/scala-sbt/util-relation_2.12/1.5.5/util-relation_2.12-1.5.5-sources.jar"
                        }
                    ]
                },
                {
                    "organization": "org.scala-sbt",
                    "name": "completion_2.12",
                    "version": "1.5.5",
                    "configurations": "default",
                    "artifacts": [
                        {
                            "name": "completion_2.12",
                            "path": "/home/king/.cache/coursier/v1/https/repo1.maven.org/maven2/org/scala-sbt/completion_2.12/1.5.5/completion_2.12-1.5.5.jar"
                        },
                        {
                            "name": "completion_2.12",
                            "classifier": "sources",
                            "path": "/home/king/.cache/coursier/v1/https/repo1.maven.org/maven2/org/scala-sbt/completion_2.12/1.5.5/completion_2.12-1.5.5-sources.jar"
                        }
                    ]
                },
                {
                    "organization": "org.scala-sbt",
                    "name": "task-system_2.12",
                    "version": "1.5.5",
                    "configurations": "default",
                    "artifacts": [
                        {
                            "name": "task-system_2.12",
                            "path": "/home/king/.cache/coursier/v1/https/repo1.maven.org/maven2/org/scala-sbt/task-system_2.12/1.5.5/task-system_2.12-1.5.5.jar"
                        },
                        {
                            "name": "task-system_2.12",
                            "classifier": "sources",
                            "path": "/home/king/.cache/coursier/v1/https/repo1.maven.org/maven2/org/scala-sbt/task-system_2.12/1.5.5/task-system_2.12-1.5.5-sources.jar"
                        }
                    ]
                },
                {
                    "organization": "org.scala-sbt",
                    "name": "tasks_2.12",
                    "version": "1.5.5",
                    "configurations": "default",
                    "artifacts": [
                        {
                            "name": "tasks_2.12",
                            "path": "/home/king/.cache/coursier/v1/https/repo1.maven.org/maven2/org/scala-sbt/tasks_2.12/1.5.5/tasks_2.12-1.5.5.jar"
                        },
                        {
                            "name": "tasks_2.12",
                            "classifier": "sources",
                            "path": "/home/king/.cache/coursier/v1/https/repo1.maven.org/maven2/org/scala-sbt/tasks_2.12/1.5.5/tasks_2.12-1.5.5-sources.jar"
                        }
                    ]
                },
                {
                    "organization": "org.scala-sbt",
                    "name": "testing_2.12",
                    "version": "1.5.5",
                    "configurations": "default",
                    "artifacts": [
                        {
                            "name": "testing_2.12",
                            "path": "/home/king/.cache/coursier/v1/https/repo1.maven.org/maven2/org/scala-sbt/testing_2.12/1.5.5/testing_2.12-1.5.5.jar"
                        },
                        {
                            "name": "testing_2.12",
                            "classifier": "sources",
                            "path": "/home/king/.cache/coursier/v1/https/repo1.maven.org/maven2/org/scala-sbt/testing_2.12/1.5.5/testing_2.12-1.5.5-sources.jar"
                        }
                    ]
                },
                {
                    "organization": "org.scala-sbt",
                    "name": "util-tracking_2.12",
                    "version": "1.5.5",
                    "configurations": "default",
                    "artifacts": [
                        {
                            "name": "util-tracking_2.12",
                            "path": "/home/king/.cache/coursier/v1/https/repo1.maven.org/maven2/org/scala-sbt/util-tracking_2.12/1.5.5/util-tracking_2.12-1.5.5.jar"
                        },
                        {
                            "name": "util-tracking_2.12",
                            "classifier": "sources",
                            "path": "/home/king/.cache/coursier/v1/https/repo1.maven.org/maven2/org/scala-sbt/util-tracking_2.12/1.5.5/util-tracking_2.12-1.5.5-sources.jar"
                        }
                    ]
                },
                {
                    "organization": "com.eed3si9n",
                    "name": "sjson-new-scalajson_2.12",
                    "version": "0.9.1",
                    "configurations": "default",
                    "artifacts": [
                        {
                            "name": "sjson-new-scalajson_2.12",
                            "path": "/home/king/.cache/coursier/v1/https/repo1.maven.org/maven2/com/eed3si9n/sjson-new-scalajson_2.12/0.9.1/sjson-new-scalajson_2.12-0.9.1.jar"
                        },
                        {
                            "name": "sjson-new-scalajson_2.12",
                            "classifier": "sources",
                            "path": "/home/king/.cache/coursier/v1/https/repo1.maven.org/maven2/com/eed3si9n/sjson-new-scalajson_2.12/0.9.1/sjson-new-scalajson_2.12-0.9.1-sources.jar"
                        }
                    ]
                },
                {
                    "organization": "org.jline",
                    "name": "jline-terminal",
                    "version": "3.19.0",
                    "configurations": "default",
                    "artifacts": [
                        {
                            "name": "jline-terminal",
                            "path": "/home/king/.cache/coursier/v1/https/repo1.maven.org/maven2/org/jline/jline-terminal/3.19.0/jline-terminal-3.19.0.jar"
                        },
                        {
                            "name": "jline-terminal",
                            "classifier": "sources",
                            "path": "/home/king/.cache/coursier/v1/https/repo1.maven.org/maven2/org/jline/jline-terminal/3.19.0/jline-terminal-3.19.0-sources.jar"
                        }
                    ]
                },
                {
                    "organization": "org.scala-sbt",
                    "name": "zinc-classpath_2.12",
                    "version": "1.5.7",
                    "configurations": "default",
                    "artifacts": [
                        {
                            "name": "zinc-classpath_2.12",
                            "path": "/home/king/.cache/coursier/v1/https/repo1.maven.org/maven2/org/scala-sbt/zinc-classpath_2.12/1.5.7/zinc-classpath_2.12-1.5.7.jar"
                        },
                        {
                            "name": "zinc-classpath_2.12",
                            "classifier": "sources",
                            "path": "/home/king/.cache/coursier/v1/https/repo1.maven.org/maven2/org/scala-sbt/zinc-classpath_2.12/1.5.7/zinc-classpath_2.12-1.5.7-sources.jar"
                        }
                    ]
                },
                {
                    "organization": "org.scala-sbt",
                    "name": "zinc-apiinfo_2.12",
                    "version": "1.5.7",
                    "configurations": "default",
                    "artifacts": [
                        {
                            "name": "zinc-apiinfo_2.12",
                            "path": "/home/king/.cache/coursier/v1/https/repo1.maven.org/maven2/org/scala-sbt/zinc-apiinfo_2.12/1.5.7/zinc-apiinfo_2.12-1.5.7.jar"
                        },
                        {
                            "name": "zinc-apiinfo_2.12",
                            "classifier": "sources",
                            "path": "/home/king/.cache/coursier/v1/https/repo1.maven.org/maven2/org/scala-sbt/zinc-apiinfo_2.12/1.5.7/zinc-apiinfo_2.12-1.5.7-sources.jar"
                        }
                    ]
                },
                {
                    "organization": "org.scala-sbt",
                    "name": "zinc_2.12",
                    "version": "1.5.7",
                    "configurations": "default",
                    "artifacts": [
                        {
                            "name": "zinc_2.12",
                            "path": "/home/king/.cache/coursier/v1/https/repo1.maven.org/maven2/org/scala-sbt/zinc_2.12/1.5.7/zinc_2.12-1.5.7.jar"
                        },
                        {
                            "name": "zinc_2.12",
                            "classifier": "sources",
                            "path": "/home/king/.cache/coursier/v1/https/repo1.maven.org/maven2/org/scala-sbt/zinc_2.12/1.5.7/zinc_2.12-1.5.7-sources.jar"
                        }
                    ]
                },
                {
                    "organization": "org.scala-sbt",
                    "name": "core-macros_2.12",
                    "version": "1.5.5",
                    "configurations": "default",
                    "artifacts": [
                        {
                            "name": "core-macros_2.12",
                            "path": "/home/king/.cache/coursier/v1/https/repo1.maven.org/maven2/org/scala-sbt/core-macros_2.12/1.5.5/core-macros_2.12-1.5.5.jar"
                        },
                        {
                            "name": "core-macros_2.12",
                            "classifier": "sources",
                            "path": "/home/king/.cache/coursier/v1/https/repo1.maven.org/maven2/org/scala-sbt/core-macros_2.12/1.5.5/core-macros_2.12-1.5.5-sources.jar"
                        }
                    ]
                },
                {
                    "organization": "org.scala-sbt",
                    "name": "util-cache_2.12",
                    "version": "1.5.5",
                    "configurations": "default",
                    "artifacts": [
                        {
                            "name": "util-cache_2.12",
                            "path": "/home/king/.cache/coursier/v1/https/repo1.maven.org/maven2/org/scala-sbt/util-cache_2.12/1.5.5/util-cache_2.12-1.5.5.jar"
                        },
                        {
                            "name": "util-cache_2.12",
                            "classifier": "sources",
                            "path": "/home/king/.cache/coursier/v1/https/repo1.maven.org/maven2/org/scala-sbt/util-cache_2.12/1.5.5/util-cache_2.12-1.5.5-sources.jar"
                        }
                    ]
                },
                {
                    "organization": "org.scala-sbt",
                    "name": "util-control_2.12",
                    "version": "1.5.5",
                    "configurations": "default",
                    "artifacts": [
                        {
                            "name": "util-control_2.12",
                            "path": "/home/king/.cache/coursier/v1/https/repo1.maven.org/maven2/org/scala-sbt/util-control_2.12/1.5.5/util-control_2.12-1.5.5.jar"
                        },
                        {
                            "name": "util-control_2.12",
                            "classifier": "sources",
                            "path": "/home/king/.cache/coursier/v1/https/repo1.maven.org/maven2/org/scala-sbt/util-control_2.12/1.5.5/util-control_2.12-1.5.5-sources.jar"
                        }
                    ]
                },
                {
                    "organization": "org.scala-sbt",
                    "name": "protocol_2.12",
                    "version": "1.5.5",
                    "configurations": "default",
                    "artifacts": [
                        {
                            "name": "protocol_2.12",
                            "path": "/home/king/.cache/coursier/v1/https/repo1.maven.org/maven2/org/scala-sbt/protocol_2.12/1.5.5/protocol_2.12-1.5.5.jar"
                        },
                        {
                            "name": "protocol_2.12",
                            "classifier": "sources",
                            "path": "/home/king/.cache/coursier/v1/https/repo1.maven.org/maven2/org/scala-sbt/protocol_2.12/1.5.5/protocol_2.12-1.5.5-sources.jar"
                        }
                    ]
                },
                {
                    "organization": "com.eed3si9n",
                    "name": "sjson-new-core_2.12",
                    "version": "0.9.1",
                    "configurations": "default",
                    "artifacts": [
                        {
                            "name": "sjson-new-core_2.12",
                            "path": "/home/king/.cache/coursier/v1/https/repo1.maven.org/maven2/com/eed3si9n/sjson-new-core_2.12/0.9.1/sjson-new-core_2.12-0.9.1.jar"
                        },
                        {
                            "name": "sjson-new-core_2.12",
                            "classifier": "sources",
                            "path": "/home/king/.cache/coursier/v1/https/repo1.maven.org/maven2/com/eed3si9n/sjson-new-core_2.12/0.9.1/sjson-new-core_2.12-0.9.1-sources.jar"
                        }
                    ]
                },
                {
                    "organization": "org.scala-sbt",
                    "name": "template-resolver",
                    "version": "0.1",
                    "configurations": "default",
                    "artifacts": [
                        {
                            "name": "template-resolver",
                            "path": "/home/king/.cache/coursier/v1/https/repo1.maven.org/maven2/org/scala-sbt/template-resolver/0.1/template-resolver-0.1.jar"
                        },
                        {
                            "name": "template-resolver",
                            "classifier": "sources",
                            "path": "/home/king/.cache/coursier/v1/https/repo1.maven.org/maven2/org/scala-sbt/template-resolver/0.1/template-resolver-0.1-sources.jar"
                        }
                    ]
                },
                {
                    "organization": "org.scala-sbt",
                    "name": "util-position_2.12",
                    "version": "1.5.5",
                    "configurations": "default",
                    "artifacts": [
                        {
                            "name": "util-position_2.12",
                            "path": "/home/king/.cache/coursier/v1/https/repo1.maven.org/maven2/org/scala-sbt/util-position_2.12/1.5.5/util-position_2.12-1.5.5.jar"
                        },
                        {
                            "name": "util-position_2.12",
                            "classifier": "sources",
                            "path": "/home/king/.cache/coursier/v1/https/repo1.maven.org/maven2/org/scala-sbt/util-position_2.12/1.5.5/util-position_2.12-1.5.5-sources.jar"
                        }
                    ]
                },
                {
                    "organization": "org.scala-sbt",
                    "name": "zinc-compile-core_2.12",
                    "version": "1.5.7",
                    "configurations": "default",
                    "artifacts": [
                        {
                            "name": "zinc-compile-core_2.12",
                            "path": "/home/king/.cache/coursier/v1/https/repo1.maven.org/maven2/org/scala-sbt/zinc-compile-core_2.12/1.5.7/zinc-compile-core_2.12-1.5.7.jar"
                        },
                        {
                            "name": "zinc-compile-core_2.12",
                            "classifier": "sources",
                            "path": "/home/king/.cache/coursier/v1/https/repo1.maven.org/maven2/org/scala-sbt/zinc-compile-core_2.12/1.5.7/zinc-compile-core_2.12-1.5.7-sources.jar"
                        }
                    ]
                },
                {
                    "organization": "org.scala-sbt",
                    "name": "util-interface",
                    "version": "1.5.5",
                    "configurations": "default",
                    "artifacts": [
                        {
                            "name": "util-interface",
                            "path": "/home/king/.cache/coursier/v1/https/repo1.maven.org/maven2/org/scala-sbt/util-interface/1.5.5/util-interface-1.5.5.jar"
                        },
                        {
                            "name": "util-interface",
                            "classifier": "sources",
                            "path": "/home/king/.cache/coursier/v1/https/repo1.maven.org/maven2/org/scala-sbt/util-interface/1.5.5/util-interface-1.5.5-sources.jar"
                        }
                    ]
                },
                {
                    "organization": "org.scala-sbt.jline",
                    "name": "jline",
                    "version": "2.14.7-sbt-a1b0ffbb8f64bb820f4f84a0c07a0c0964507493",
                    "configurations": "default",
                    "artifacts": [
                        {
                            "name": "jline",
                            "path": "/home/king/.cache/coursier/v1/https/repo1.maven.org/maven2/org/scala-sbt/jline/jline/2.14.7-sbt-a1b0ffbb8f64bb820f4f84a0c07a0c0964507493/jline-2.14.7-sbt-a1b0ffbb8f64bb820f4f84a0c07a0c0964507493.jar"
                        },
                        {
                            "name": "jline",
                            "classifier": "sources",
                            "path": "/home/king/.cache/coursier/v1/https/repo1.maven.org/maven2/org/scala-sbt/jline/jline/2.14.7-sbt-a1b0ffbb8f64bb820f4f84a0c07a0c0964507493/jline-2.14.7-sbt-a1b0ffbb8f64bb820f4f84a0c07a0c0964507493-sources.jar"
                        }
                    ]
                },
                {
                    "organization": "org.jline",
                    "name": "jline-terminal-jna",
                    "version": "3.19.0",
                    "configurations": "default",
                    "artifacts": [
                        {
                            "name": "jline-terminal-jna",
                            "path": "/home/king/.cache/coursier/v1/https/repo1.maven.org/maven2/org/jline/jline-terminal-jna/3.19.0/jline-terminal-jna-3.19.0.jar"
                        },
                        {
                            "name": "jline-terminal-jna",
                            "classifier": "sources",
                            "path": "/home/king/.cache/coursier/v1/https/repo1.maven.org/maven2/org/jline/jline-terminal-jna/3.19.0/jline-terminal-jna-3.19.0-sources.jar"
                        }
                    ]
                },
                {
                    "organization": "org.jline",
                    "name": "jline-terminal-jansi",
                    "version": "3.19.0",
                    "configurations": "default",
                    "artifacts": [
                        {
                            "name": "jline-terminal-jansi",
                            "path": "/home/king/.cache/coursier/v1/https/repo1.maven.org/maven2/org/jline/jline-terminal-jansi/3.19.0/jline-terminal-jansi-3.19.0.jar"
                        },
                        {
                            "name": "jline-terminal-jansi",
                            "classifier": "sources",
                            "path": "/home/king/.cache/coursier/v1/https/repo1.maven.org/maven2/org/jline/jline-terminal-jansi/3.19.0/jline-terminal-jansi-3.19.0-sources.jar"
                        }
                    ]
                },
                {
                    "organization": "com.lmax",
                    "name": "disruptor",
                    "version": "3.4.2",
                    "configurations": "default",
                    "artifacts": [
                        {
                            "name": "disruptor",
                            "path": "/home/king/.cache/coursier/v1/https/repo1.maven.org/maven2/com/lmax/disruptor/3.4.2/disruptor-3.4.2.jar"
                        },
                        {
                            "name": "disruptor",
                            "classifier": "sources",
                            "path": "/home/king/.cache/coursier/v1/https/repo1.maven.org/maven2/com/lmax/disruptor/3.4.2/disruptor-3.4.2-sources.jar"
                        }
                    ]
                },
                {
                    "organization": "org.scala-lang",
                    "name": "scala-reflect",
                    "version": "2.12.14",
                    "configurations": "default",
                    "artifacts": [
                        {
                            "name": "scala-reflect",
                            "path": "/home/king/.sbt/boot/scala-2.12.14/lib/scala-reflect.jar"
                        },
                        {
                            "name": "scala-reflect",
                            "classifier": "sources",
                            "path": "/home/king/.cache/coursier/v1/https/repo1.maven.org/maven2/org/scala-lang/scala-reflect/2.12.14/scala-reflect-2.12.14-sources.jar"
                        }
                    ]
                },
                {
                    "organization": "org.checkerframework",
                    "name": "checker-qual",
                    "version": "3.4.1",
                    "configurations": "default",
                    "artifacts": [
                        {
                            "name": "checker-qual",
                            "path": "/home/king/.cache/coursier/v1/https/repo1.maven.org/maven2/org/checkerframework/checker-qual/3.4.1/checker-qual-3.4.1.jar"
                        },
                        {
                            "name": "checker-qual",
                            "classifier": "sources",
                            "path": "/home/king/.cache/coursier/v1/https/repo1.maven.org/maven2/org/checkerframework/checker-qual/3.4.1/checker-qual-3.4.1-sources.jar"
                        }
                    ]
                },
                {
                    "organization": "com.google.errorprone",
                    "name": "error_prone_annotations",
                    "version": "2.4.0",
                    "configurations": "default",
                    "artifacts": [
                        {
                            "name": "error_prone_annotations",
                            "path": "/home/king/.cache/coursier/v1/https/repo1.maven.org/maven2/com/google/errorprone/error_prone_annotations/2.4.0/error_prone_annotations-2.4.0.jar"
                        },
                        {
                            "name": "error_prone_annotations",
                            "classifier": "sources",
                            "path": "/home/king/.cache/coursier/v1/https/repo1.maven.org/maven2/com/google/errorprone/error_prone_annotations/2.4.0/error_prone_annotations-2.4.0-sources.jar"
                        }
                    ]
                },
                {
                    "organization": "org.scala-lang.modules",
                    "name": "scala-collection-compat_2.12",
                    "version": "2.4.2",
                    "configurations": "default",
                    "artifacts": [
                        {
                            "name": "scala-collection-compat_2.12",
                            "path": "/home/king/.cache/coursier/v1/https/repo1.maven.org/maven2/org/scala-lang/modules/scala-collection-compat_2.12/2.4.2/scala-collection-compat_2.12-2.4.2.jar"
                        },
                        {
                            "name": "scala-collection-compat_2.12",
                            "classifier": "sources",
                            "path": "/home/king/.cache/coursier/v1/https/repo1.maven.org/maven2/org/scala-lang/modules/scala-collection-compat_2.12/2.4.2/scala-collection-compat_2.12-2.4.2-sources.jar"
                        }
                    ]
                },
                {
                    "organization": "org.slf4j",
                    "name": "slf4j-api",
                    "version": "1.7.26",
                    "configurations": "default",
                    "artifacts": [
                        {
                            "name": "slf4j-api",
                            "path": "/home/king/.cache/coursier/v1/https/repo1.maven.org/maven2/org/slf4j/slf4j-api/1.7.26/slf4j-api-1.7.26.jar"
                        },
                        {
                            "name": "slf4j-api",
                            "classifier": "sources",
                            "path": "/home/king/.cache/coursier/v1/https/repo1.maven.org/maven2/org/slf4j/slf4j-api/1.7.26/slf4j-api-1.7.26-sources.jar"
                        }
                    ]
                },
                {
                    "organization": "org.scala-lang",
                    "name": "scala-compiler",
                    "version": "2.12.14",
                    "configurations": "default",
                    "artifacts": [
                        {
                            "name": "scala-compiler",
                            "path": "/home/king/.sbt/boot/scala-2.12.14/lib/scala-compiler.jar"
                        },
                        {
                            "name": "scala-compiler",
                            "classifier": "sources",
                            "path": "/home/king/.cache/coursier/v1/https/repo1.maven.org/maven2/org/scala-lang/scala-compiler/2.12.14/scala-compiler-2.12.14-sources.jar"
                        }
                    ]
                },
                {
                    "organization": "com.jcraft",
                    "name": "jsch",
                    "version": "0.1.54",
                    "configurations": "default",
                    "artifacts": [
                        {
                            "name": "jsch",
                            "path": "/home/king/.cache/coursier/v1/https/repo1.maven.org/maven2/com/jcraft/jsch/0.1.54/jsch-0.1.54.jar"
                        },
                        {
                            "name": "jsch",
                            "classifier": "sources",
                            "path": "/home/king/.cache/coursier/v1/https/repo1.maven.org/maven2/com/jcraft/jsch/0.1.54/jsch-0.1.54-sources.jar"
                        }
                    ]
                },
                {
                    "organization": "com.eed3si9n",
                    "name": "gigahorse-okhttp_2.12",
                    "version": "0.5.0",
                    "configurations": "default",
                    "artifacts": [
                        {
                            "name": "gigahorse-okhttp_2.12",
                            "path": "/home/king/.cache/coursier/v1/https/repo1.maven.org/maven2/com/eed3si9n/gigahorse-okhttp_2.12/0.5.0/gigahorse-okhttp_2.12-0.5.0.jar"
                        },
                        {
                            "name": "gigahorse-okhttp_2.12",
                            "classifier": "sources",
                            "path": "/home/king/.cache/coursier/v1/https/repo1.maven.org/maven2/com/eed3si9n/gigahorse-okhttp_2.12/0.5.0/gigahorse-okhttp_2.12-0.5.0-sources.jar"
                        }
                    ]
                },
                {
                    "organization": "com.squareup.okhttp3",
                    "name": "okhttp-urlconnection",
                    "version": "3.7.0",
                    "configurations": "default",
                    "artifacts": [
                        {
                            "name": "okhttp-urlconnection",
                            "path": "/home/king/.cache/coursier/v1/https/repo1.maven.org/maven2/com/squareup/okhttp3/okhttp-urlconnection/3.7.0/okhttp-urlconnection-3.7.0.jar"
                        },
                        {
                            "name": "okhttp-urlconnection",
                            "classifier": "sources",
                            "path": "/home/king/.cache/coursier/v1/https/repo1.maven.org/maven2/com/squareup/okhttp3/okhttp-urlconnection/3.7.0/okhttp-urlconnection-3.7.0-sources.jar"
                        }
                    ]
                },
                {
                    "organization": "org.scala-sbt.ivy",
                    "name": "ivy",
                    "version": "2.3.0-sbt-fbc4f586aeeb1591710b14eb4f41b94880dcd745",
                    "configurations": "default",
                    "artifacts": [
                        {
                            "name": "ivy",
                            "path": "/home/king/.cache/coursier/v1/https/repo1.maven.org/maven2/org/scala-sbt/ivy/ivy/2.3.0-sbt-fbc4f586aeeb1591710b14eb4f41b94880dcd745/ivy-2.3.0-sbt-fbc4f586aeeb1591710b14eb4f41b94880dcd745.jar"
                        },
                        {
                            "name": "ivy",
                            "classifier": "sources",
                            "path": "/home/king/.cache/coursier/v1/https/repo1.maven.org/maven2/org/scala-sbt/ivy/ivy/2.3.0-sbt-fbc4f586aeeb1591710b14eb4f41b94880dcd745/ivy-2.3.0-sbt-fbc4f586aeeb1591710b14eb4f41b94880dcd745-sources.jar"
                        }
                    ]
                },
                {
                    "organization": "org.jline",
                    "name": "jline-reader",
                    "version": "3.19.0",
                    "configurations": "default",
                    "artifacts": [
                        {
                            "name": "jline-reader",
                            "path": "/home/king/.cache/coursier/v1/https/repo1.maven.org/maven2/org/jline/jline-reader/3.19.0/jline-reader-3.19.0.jar"
                        },
                        {
                            "name": "jline-reader",
                            "classifier": "sources",
                            "path": "/home/king/.cache/coursier/v1/https/repo1.maven.org/maven2/org/jline/jline-reader/3.19.0/jline-reader-3.19.0-sources.jar"
                        }
                    ]
                },
                {
                    "organization": "org.jline",
                    "name": "jline-builtins",
                    "version": "3.19.0",
                    "configurations": "default",
                    "artifacts": [
                        {
                            "name": "jline-builtins",
                            "path": "/home/king/.cache/coursier/v1/https/repo1.maven.org/maven2/org/jline/jline-builtins/3.19.0/jline-builtins-3.19.0.jar"
                        },
                        {
                            "name": "jline-builtins",
                            "classifier": "sources",
                            "path": "/home/king/.cache/coursier/v1/https/repo1.maven.org/maven2/org/jline/jline-builtins/3.19.0/jline-builtins-3.19.0-sources.jar"
                        }
                    ]
                },
                {
                    "organization": "org.scala-sbt",
                    "name": "test-agent",
                    "version": "1.5.5",
                    "configurations": "default",
                    "artifacts": [
                        {
                            "name": "test-agent",
                            "path": "/home/king/.cache/coursier/v1/https/repo1.maven.org/maven2/org/scala-sbt/test-agent/1.5.5/test-agent-1.5.5.jar"
                        },
                        {
                            "name": "test-agent",
                            "classifier": "sources",
                            "path": "/home/king/.cache/coursier/v1/https/repo1.maven.org/maven2/org/scala-sbt/test-agent/1.5.5/test-agent-1.5.5-sources.jar"
                        }
                    ]
                },
                {
                    "organization": "org.scala-sbt",
                    "name": "test-interface",
                    "version": "1.0",
                    "configurations": "default",
                    "artifacts": [
                        {
                            "name": "test-interface",
                            "path": "/home/king/.cache/coursier/v1/https/repo1.maven.org/maven2/org/scala-sbt/test-interface/1.0/test-interface-1.0.jar"
                        },
                        {
                            "name": "test-interface",
                            "classifier": "sources",
                            "path": "/home/king/.cache/coursier/v1/https/repo1.maven.org/maven2/org/scala-sbt/test-interface/1.0/test-interface-1.0-sources.jar"
                        }
                    ]
                },
                {
                    "organization": "com.eed3si9n",
                    "name": "shaded-jawn-parser_2.12",
                    "version": "0.9.1",
                    "configurations": "default",
                    "artifacts": [
                        {
                            "name": "shaded-jawn-parser_2.12",
                            "path": "/home/king/.cache/coursier/v1/https/repo1.maven.org/maven2/com/eed3si9n/shaded-jawn-parser_2.12/0.9.1/shaded-jawn-parser_2.12-0.9.1.jar"
                        },
                        {
                            "name": "shaded-jawn-parser_2.12",
                            "classifier": "sources",
                            "path": "/home/king/.cache/coursier/v1/https/repo1.maven.org/maven2/com/eed3si9n/shaded-jawn-parser_2.12/0.9.1/shaded-jawn-parser_2.12-0.9.1-sources.jar"
                        }
                    ]
                },
                {
                    "organization": "com.eed3si9n",
                    "name": "shaded-scalajson_2.12",
                    "version": "1.0.0-M4",
                    "configurations": "default",
                    "artifacts": [
                        {
                            "name": "shaded-scalajson_2.12",
                            "path": "/home/king/.cache/coursier/v1/https/repo1.maven.org/maven2/com/eed3si9n/shaded-scalajson_2.12/1.0.0-M4/shaded-scalajson_2.12-1.0.0-M4.jar"
                        },
                        {
                            "name": "shaded-scalajson_2.12",
                            "classifier": "sources",
                            "path": "/home/king/.cache/coursier/v1/https/repo1.maven.org/maven2/com/eed3si9n/shaded-scalajson_2.12/1.0.0-M4/shaded-scalajson_2.12-1.0.0-M4-sources.jar"
                        }
                    ]
                },
                {
                    "organization": "org.scala-sbt",
                    "name": "compiler-bridge_2.12",
                    "version": "1.5.7",
                    "configurations": "default",
                    "artifacts": [
                        {
                            "name": "compiler-bridge_2.12",
                            "path": "/home/king/.cache/coursier/v1/https/repo1.maven.org/maven2/org/scala-sbt/compiler-bridge_2.12/1.5.7/compiler-bridge_2.12-1.5.7.jar"
                        },
                        {
                            "name": "compiler-bridge_2.12",
                            "classifier": "sources",
                            "path": "/home/king/.cache/coursier/v1/https/repo1.maven.org/maven2/org/scala-sbt/compiler-bridge_2.12/1.5.7/compiler-bridge_2.12-1.5.7-sources.jar"
                        }
                    ]
                },
                {
                    "organization": "org.scala-sbt",
                    "name": "zinc-classfile_2.12",
                    "version": "1.5.7",
                    "configurations": "default",
                    "artifacts": [
                        {
                            "name": "zinc-classfile_2.12",
                            "path": "/home/king/.cache/coursier/v1/https/repo1.maven.org/maven2/org/scala-sbt/zinc-classfile_2.12/1.5.7/zinc-classfile_2.12-1.5.7.jar"
                        },
                        {
                            "name": "zinc-classfile_2.12",
                            "classifier": "sources",
                            "path": "/home/king/.cache/coursier/v1/https/repo1.maven.org/maven2/org/scala-sbt/zinc-classfile_2.12/1.5.7/zinc-classfile_2.12-1.5.7-sources.jar"
                        }
                    ]
                },
                {
                    "organization": "org.scala-sbt",
                    "name": "zinc-core_2.12",
                    "version": "1.5.7",
                    "configurations": "default",
                    "artifacts": [
                        {
                            "name": "zinc-core_2.12",
                            "path": "/home/king/.cache/coursier/v1/https/repo1.maven.org/maven2/org/scala-sbt/zinc-core_2.12/1.5.7/zinc-core_2.12-1.5.7.jar"
                        },
                        {
                            "name": "zinc-core_2.12",
                            "classifier": "sources",
                            "path": "/home/king/.cache/coursier/v1/https/repo1.maven.org/maven2/org/scala-sbt/zinc-core_2.12/1.5.7/zinc-core_2.12-1.5.7-sources.jar"
                        }
                    ]
                },
                {
                    "organization": "org.scala-sbt",
                    "name": "zinc-persist_2.12",
                    "version": "1.5.7",
                    "configurations": "default",
                    "artifacts": [
                        {
                            "name": "zinc-persist_2.12",
                            "path": "/home/king/.cache/coursier/v1/https/repo1.maven.org/maven2/org/scala-sbt/zinc-persist_2.12/1.5.7/zinc-persist_2.12-1.5.7.jar"
                        },
                        {
                            "name": "zinc-persist_2.12",
                            "classifier": "sources",
                            "path": "/home/king/.cache/coursier/v1/https/repo1.maven.org/maven2/org/scala-sbt/zinc-persist_2.12/1.5.7/zinc-persist_2.12-1.5.7-sources.jar"
                        }
                    ]
                },
                {
                    "organization": "com.eed3si9n",
                    "name": "sjson-new-murmurhash_2.12",
                    "version": "0.9.1",
                    "configurations": "default",
                    "artifacts": [
                        {
                            "name": "sjson-new-murmurhash_2.12",
                            "path": "/home/king/.cache/coursier/v1/https/repo1.maven.org/maven2/com/eed3si9n/sjson-new-murmurhash_2.12/0.9.1/sjson-new-murmurhash_2.12-0.9.1.jar"
                        },
                        {
                            "name": "sjson-new-murmurhash_2.12",
                            "classifier": "sources",
                            "path": "/home/king/.cache/coursier/v1/https/repo1.maven.org/maven2/com/eed3si9n/sjson-new-murmurhash_2.12/0.9.1/sjson-new-murmurhash_2.12-0.9.1-sources.jar"
                        }
                    ]
                },
                {
                    "organization": "org.scala-sbt.ipcsocket",
                    "name": "ipcsocket",
                    "version": "1.3.1",
                    "configurations": "default",
                    "artifacts": [
                        {
                            "name": "ipcsocket",
                            "path": "/home/king/.cache/coursier/v1/https/repo1.maven.org/maven2/org/scala-sbt/ipcsocket/ipcsocket/1.3.1/ipcsocket-1.3.1.jar"
                        },
                        {
                            "name": "ipcsocket",
                            "classifier": "sources",
                            "path": "/home/king/.cache/coursier/v1/https/repo1.maven.org/maven2/org/scala-sbt/ipcsocket/ipcsocket/1.3.1/ipcsocket-1.3.1-sources.jar"
                        }
                    ]
                },
                {
                    "organization": "org.scala-lang.modules",
                    "name": "scala-parser-combinators_2.12",
                    "version": "1.1.2",
                    "configurations": "default",
                    "artifacts": [
                        {
                            "name": "scala-parser-combinators_2.12",
                            "path": "/home/king/.cache/coursier/v1/https/repo1.maven.org/maven2/org/scala-lang/modules/scala-parser-combinators_2.12/1.1.2/scala-parser-combinators_2.12-1.1.2.jar"
                        },
                        {
                            "name": "scala-parser-combinators_2.12",
                            "classifier": "sources",
                            "path": "/home/king/.cache/coursier/v1/https/repo1.maven.org/maven2/org/scala-lang/modules/scala-parser-combinators_2.12/1.1.2/scala-parser-combinators_2.12-1.1.2-sources.jar"
                        }
                    ]
                },
                {
                    "organization": "net.openhft",
                    "name": "zero-allocation-hashing",
                    "version": "0.10.1",
                    "configurations": "default",
                    "artifacts": [
                        {
                            "name": "zero-allocation-hashing",
                            "path": "/home/king/.cache/coursier/v1/https/repo1.maven.org/maven2/net/openhft/zero-allocation-hashing/0.10.1/zero-allocation-hashing-0.10.1.jar"
                        },
                        {
                            "name": "zero-allocation-hashing",
                            "classifier": "sources",
                            "path": "/home/king/.cache/coursier/v1/https/repo1.maven.org/maven2/net/openhft/zero-allocation-hashing/0.10.1/zero-allocation-hashing-0.10.1-sources.jar"
                        }
                    ]
                },
                {
                    "organization": "org.fusesource.jansi",
                    "name": "jansi",
                    "version": "2.1.0",
                    "configurations": "default",
                    "artifacts": [
                        {
                            "name": "jansi",
                            "path": "/home/king/.cache/coursier/v1/https/repo1.maven.org/maven2/org/fusesource/jansi/jansi/2.1.0/jansi-2.1.0.jar"
                        },
                        {
                            "name": "jansi",
                            "classifier": "sources",
                            "path": "/home/king/.cache/coursier/v1/https/repo1.maven.org/maven2/org/fusesource/jansi/jansi/2.1.0/jansi-2.1.0-sources.jar"
                        }
                    ]
                },
                {
                    "organization": "com.eed3si9n",
                    "name": "gigahorse-core_2.12",
                    "version": "0.5.0",
                    "configurations": "default",
                    "artifacts": [
                        {
                            "name": "gigahorse-core_2.12",
                            "path": "/home/king/.cache/coursier/v1/https/repo1.maven.org/maven2/com/eed3si9n/gigahorse-core_2.12/0.5.0/gigahorse-core_2.12-0.5.0.jar"
                        },
                        {
                            "name": "gigahorse-core_2.12",
                            "classifier": "sources",
                            "path": "/home/king/.cache/coursier/v1/https/repo1.maven.org/maven2/com/eed3si9n/gigahorse-core_2.12/0.5.0/gigahorse-core_2.12-0.5.0-sources.jar"
                        }
                    ]
                },
                {
                    "organization": "com.squareup.okhttp3",
                    "name": "okhttp",
                    "version": "3.14.2",
                    "configurations": "default",
                    "artifacts": [
                        {
                            "name": "okhttp",
                            "path": "/home/king/.cache/coursier/v1/https/repo1.maven.org/maven2/com/squareup/okhttp3/okhttp/3.14.2/okhttp-3.14.2.jar"
                        },
                        {
                            "name": "okhttp",
                            "classifier": "sources",
                            "path": "/home/king/.cache/coursier/v1/https/repo1.maven.org/maven2/com/squareup/okhttp3/okhttp/3.14.2/okhttp-3.14.2-sources.jar"
                        }
                    ]
                },
                {
                    "organization": "org.jline",
                    "name": "jline-style",
                    "version": "3.19.0",
                    "configurations": "default",
                    "artifacts": [
                        {
                            "name": "jline-style",
                            "path": "/home/king/.cache/coursier/v1/https/repo1.maven.org/maven2/org/jline/jline-style/3.19.0/jline-style-3.19.0.jar"
                        },
                        {
                            "name": "jline-style",
                            "classifier": "sources",
                            "path": "/home/king/.cache/coursier/v1/https/repo1.maven.org/maven2/org/jline/jline-style/3.19.0/jline-style-3.19.0-sources.jar"
                        }
                    ]
                },
                {
                    "organization": "org.scala-sbt",
                    "name": "zinc-persist-core-assembly",
                    "version": "1.5.7",
                    "configurations": "default",
                    "artifacts": [
                        {
                            "name": "zinc-persist-core-assembly",
                            "path": "/home/king/.cache/coursier/v1/https/repo1.maven.org/maven2/org/scala-sbt/zinc-persist-core-assembly/1.5.7/zinc-persist-core-assembly-1.5.7.jar"
                        },
                        {
                            "name": "zinc-persist-core-assembly",
                            "classifier": "sources",
                            "path": "/home/king/.cache/coursier/v1/https/repo1.maven.org/maven2/org/scala-sbt/zinc-persist-core-assembly/1.5.7/zinc-persist-core-assembly-1.5.7-sources.jar"
                        }
                    ]
                },
                {
                    "organization": "org.scala-sbt",
                    "name": "sbinary_2.12",
                    "version": "0.5.1",
                    "configurations": "default",
                    "artifacts": [
                        {
                            "name": "sbinary_2.12",
                            "path": "/home/king/.cache/coursier/v1/https/repo1.maven.org/maven2/org/scala-sbt/sbinary_2.12/0.5.1/sbinary_2.12-0.5.1.jar"
                        },
                        {
                            "name": "sbinary_2.12",
                            "classifier": "sources",
                            "path": "/home/king/.cache/coursier/v1/https/repo1.maven.org/maven2/org/scala-sbt/sbinary_2.12/0.5.1/sbinary_2.12-0.5.1-sources.jar"
                        }
                    ]
                },
                {
                    "organization": "com.typesafe",
                    "name": "ssl-config-core_2.12",
                    "version": "0.4.0",
                    "configurations": "default",
                    "artifacts": [
                        {
                            "name": "ssl-config-core_2.12",
                            "path": "/home/king/.cache/coursier/v1/https/repo1.maven.org/maven2/com/typesafe/ssl-config-core_2.12/0.4.0/ssl-config-core_2.12-0.4.0.jar"
                        },
                        {
                            "name": "ssl-config-core_2.12",
                            "classifier": "sources",
                            "path": "/home/king/.cache/coursier/v1/https/repo1.maven.org/maven2/com/typesafe/ssl-config-core_2.12/0.4.0/ssl-config-core_2.12-0.4.0-sources.jar"
                        }
                    ]
                },
                {
                    "organization": "org.reactivestreams",
                    "name": "reactive-streams",
                    "version": "1.0.2",
                    "configurations": "default",
                    "artifacts": [
                        {
                            "name": "reactive-streams",
                            "path": "/home/king/.cache/coursier/v1/https/repo1.maven.org/maven2/org/reactivestreams/reactive-streams/1.0.2/reactive-streams-1.0.2.jar"
                        },
                        {
                            "name": "reactive-streams",
                            "classifier": "sources",
                            "path": "/home/king/.cache/coursier/v1/https/repo1.maven.org/maven2/org/reactivestreams/reactive-streams/1.0.2/reactive-streams-1.0.2-sources.jar"
                        }
                    ]
                },
                {
                    "organization": "com.squareup.okio",
                    "name": "okio",
                    "version": "1.17.2",
                    "configurations": "default",
                    "artifacts": [
                        {
                            "name": "okio",
                            "path": "/home/king/.cache/coursier/v1/https/repo1.maven.org/maven2/com/squareup/okio/okio/1.17.2/okio-1.17.2.jar"
                        },
                        {
                            "name": "okio",
                            "classifier": "sources",
                            "path": "/home/king/.cache/coursier/v1/https/repo1.maven.org/maven2/com/squareup/okio/okio/1.17.2/okio-1.17.2-sources.jar"
                        }
                    ]
                },
                {
                    "organization": "com.typesafe",
                    "name": "config",
                    "version": "1.3.3",
                    "configurations": "default",
                    "artifacts": [
                        {
                            "name": "config",
                            "path": "/home/king/.cache/coursier/v1/https/repo1.maven.org/maven2/com/typesafe/config/1.3.3/config-1.3.3.jar"
                        },
                        {
                            "name": "config",
                            "classifier": "sources",
                            "path": "/home/king/.cache/coursier/v1/https/repo1.maven.org/maven2/com/typesafe/config/1.3.3/config-1.3.3-sources.jar"
                        }
                    ]
                },
                {
                    "organization": "org.scala-lang",
                    "name": "scala-compiler",
                    "version": "2.12.14",
                    "configurations": "optional",
                    "artifacts": [
                        {
                            "name": "scala-compiler",
                            "path": "/home/king/.sbt/boot/scala-2.12.14/lib/scala-compiler.jar"
                        },
                        {
                            "name": "scala-compiler",
                            "classifier": "sources",
                            "path": "/home/king/.cache/coursier/v1/https/repo1.maven.org/maven2/org/scala-lang/scala-compiler/2.12.14/scala-compiler-2.12.14-sources.jar"
                        }
                    ]
                },
                {
                    "organization": "org.scala-lang",
                    "name": "scala-library",
                    "version": "2.12.14",
                    "configurations": "optional",
                    "artifacts": [
                        {
                            "name": "scala-library",
                            "path": "/home/king/.sbt/boot/scala-2.12.14/lib/scala-library.jar"
                        },
                        {
                            "name": "scala-library",
                            "classifier": "sources",
                            "path": "/home/king/.cache/coursier/v1/https/repo1.maven.org/maven2/org/scala-lang/scala-library/2.12.14/scala-library-2.12.14-sources.jar"
                        }
                    ]
                }
            ]
        },
        "tags": [
            "library"
        ]
    }
}