[
  {
    "class":"firrtl.transforms.CombinationalPath",
    "sink":"~sha1_80PE_dsa|sha1_80PE_dsa>io_outputs_3",
    "sources":[
      "~sha1_80PE_dsa|sha1_80PE_dsa>io_ob_ctrl"
    ]
  },
  {
    "class":"firrtl.transforms.CombinationalPath",
    "sink":"~sha1_80PE_dsa|sha1_80PE_dsa>io_outputs_0",
    "sources":[
      "~sha1_80PE_dsa|sha1_80PE_dsa>io_ob_ctrl"
    ]
  },
  {
    "class":"firrtl.transforms.CombinationalPath",
    "sink":"~sha1_80PE_dsa|sha1_80PE_dsa>io_outputs_1",
    "sources":[
      "~sha1_80PE_dsa|sha1_80PE_dsa>io_ob_ctrl"
    ]
  },
  {
    "class":"firrtl.transforms.CombinationalPath",
    "sink":"~sha1_80PE_dsa|sha1_80PE_dsa>io_outputs_4",
    "sources":[
      "~sha1_80PE_dsa|sha1_80PE_dsa>io_ob_ctrl"
    ]
  },
  {
    "class":"firrtl.transforms.CombinationalPath",
    "sink":"~sha1_80PE_dsa|sha1_80PE_dsa>io_outputs_2",
    "sources":[
      "~sha1_80PE_dsa|sha1_80PE_dsa>io_ob_ctrl"
    ]
  },
  {
    "class":"logger.LogLevelAnnotation",
    "globalLogLevel":{
      
    }
  },
  {
    "class":"firrtl.EmitCircuitAnnotation",
    "emitter":"firrtl.VerilogEmitter"
  },
  {
    "class":"firrtl.options.TargetDirAnnotation",
    "directory":"."
  },
  {
    "class":"firrtl.options.OutputAnnotationFileAnnotation",
    "file":"sha1_80PE_dsa"
  },
  {
    "class":"firrtl.transforms.BlackBoxTargetDirAnno",
    "targetDir":"."
  }
]